name,price,url
A Light in the ...,51.77,catalogue/a-light-in-the-attic_1000/index.html
Tipping the Velvet,53.74,catalogue/a-light-in-the-attic_1000/index.html
Soumission,50.1,catalogue/a-light-in-the-attic_1000/index.html
Sharp Objects,47.82,catalogue/a-light-in-the-attic_1000/index.html
Sapiens: A Brief History ...,54.23,catalogue/a-light-in-the-attic_1000/index.html
The Requiem Red,22.65,catalogue/a-light-in-the-attic_1000/index.html
The Dirty Little Secrets ...,33.34,catalogue/a-light-in-the-attic_1000/index.html
The Coming Woman: A ...,17.93,catalogue/a-light-in-the-attic_1000/index.html
The Boys in the ...,22.6,catalogue/a-light-in-the-attic_1000/index.html
The Black Maria,52.15,catalogue/a-light-in-the-attic_1000/index.html
Starving Hearts (Triangular Trade ...,13.99,catalogue/a-light-in-the-attic_1000/index.html
Shakespeare's Sonnets,20.66,catalogue/a-light-in-the-attic_1000/index.html
Set Me Free,17.46,catalogue/a-light-in-the-attic_1000/index.html
Scott Pilgrim's Precious Little ...,52.29,catalogue/a-light-in-the-attic_1000/index.html
Rip it Up and ...,35.02,catalogue/a-light-in-the-attic_1000/index.html
Our Band Could Be ...,57.25,catalogue/a-light-in-the-attic_1000/index.html
Olio,23.88,catalogue/a-light-in-the-attic_1000/index.html
Mesaerion: The Best Science ...,37.59,catalogue/a-light-in-the-attic_1000/index.html
Libertarianism for Beginners,51.33,catalogue/a-light-in-the-attic_1000/index.html
It's Only the Himalayas,45.17,catalogue/a-light-in-the-attic_1000/index.html
In Her Wake,12.84,in-her-wake_980/index.html
How Music Works,37.32,in-her-wake_980/index.html
Foolproof Preserving: A Guide ...,30.52,in-her-wake_980/index.html
Chase Me (Paris Nights ...,25.27,in-her-wake_980/index.html
Black Dust,34.53,in-her-wake_980/index.html
Birdsong: A Story in ...,54.64,in-her-wake_980/index.html
America's Cradle of Quarterbacks: ...,22.5,in-her-wake_980/index.html
Aladdin and His Wonderful ...,53.13,in-her-wake_980/index.html
Worlds Elsewhere: Journeys Around ...,40.3,in-her-wake_980/index.html
Wall and Piece,44.18,in-her-wake_980/index.html
The Four Agreements: A ...,17.66,in-her-wake_980/index.html
The Five Love Languages: ...,31.05,in-her-wake_980/index.html
The Elephant Tree,23.82,in-her-wake_980/index.html
The Bear and the ...,36.89,in-her-wake_980/index.html
Sophie's World,15.94,in-her-wake_980/index.html
Penny Maybe,33.29,in-her-wake_980/index.html
Maude (1883-1993):She Grew Up ...,18.02,in-her-wake_980/index.html
In a Dark Dark ...,19.63,in-her-wake_980/index.html
Behind Closed Doors,52.22,in-her-wake_980/index.html
You can't bury them ...,33.63,in-her-wake_980/index.html
Slow States of Collapse: ...,57.31,slow-states-of-collapse-poems_960/index.html
Reasons to Stay Alive,26.41,slow-states-of-collapse-poems_960/index.html
Private Paris (Private #10),47.61,slow-states-of-collapse-poems_960/index.html
#HigherSelfie: Wake Up Your ...,23.11,slow-states-of-collapse-poems_960/index.html
Without Borders (Wanderlove #1),45.07,slow-states-of-collapse-poems_960/index.html
When We Collided,31.77,slow-states-of-collapse-poems_960/index.html
We Love You Charlie ...,50.27,slow-states-of-collapse-poems_960/index.html
Untitled Collection: Sabbath Poems ...,14.27,slow-states-of-collapse-poems_960/index.html
Unseen City: The Majesty ...,44.18,slow-states-of-collapse-poems_960/index.html
Unicorn Tracks,18.78,slow-states-of-collapse-poems_960/index.html
Unbound: How Eight Technologies ...,25.52,slow-states-of-collapse-poems_960/index.html
Tsubasa: WoRLD CHRoNiCLE 2 ...,16.28,slow-states-of-collapse-poems_960/index.html
Throwing Rocks at the ...,31.12,slow-states-of-collapse-poems_960/index.html
This One Summer,19.49,slow-states-of-collapse-poems_960/index.html
Thirst,17.27,slow-states-of-collapse-poems_960/index.html
The Torch Is Passed: ...,19.09,slow-states-of-collapse-poems_960/index.html
The Secret of Dreadwillow ...,56.13,slow-states-of-collapse-poems_960/index.html
The Pioneer Woman Cooks: ...,56.41,slow-states-of-collapse-poems_960/index.html
The Past Never Ends,56.5,slow-states-of-collapse-poems_960/index.html
The Natural History of ...,45.22,slow-states-of-collapse-poems_960/index.html
The Nameless City (The ...,38.16,the-nameless-city-the-nameless-city-1_940/index.html
The Murder That Never ...,54.11,the-nameless-city-the-nameless-city-1_940/index.html
The Most Perfect Thing: ...,42.96,the-nameless-city-the-nameless-city-1_940/index.html
The Mindfulness and Acceptance ...,23.89,the-nameless-city-the-nameless-city-1_940/index.html
The Life-Changing Magic of ...,16.77,the-nameless-city-the-nameless-city-1_940/index.html
The Inefficiency Assassin: Time ...,20.59,the-nameless-city-the-nameless-city-1_940/index.html
The Gutsy Girl: Escapades ...,37.13,the-nameless-city-the-nameless-city-1_940/index.html
The Electric Pencil: Drawings ...,56.06,the-nameless-city-the-nameless-city-1_940/index.html
The Death of Humanity: ...,58.11,the-nameless-city-the-nameless-city-1_940/index.html
The Bulletproof Diet: Lose ...,49.05,the-nameless-city-the-nameless-city-1_940/index.html
The Art Forger,40.76,the-nameless-city-the-nameless-city-1_940/index.html
The Age of Genius: ...,19.73,the-nameless-city-the-nameless-city-1_940/index.html
The Activist's Tao Te ...,32.24,the-nameless-city-the-nameless-city-1_940/index.html
Spark Joy: An Illustrated ...,41.83,the-nameless-city-the-nameless-city-1_940/index.html
Soul Reader,39.58,the-nameless-city-the-nameless-city-1_940/index.html
Security,39.25,the-nameless-city-the-nameless-city-1_940/index.html
Saga Volume 6 (Saga ...,25.02,the-nameless-city-the-nameless-city-1_940/index.html
Saga Volume 5 (Saga ...,51.04,the-nameless-city-the-nameless-city-1_940/index.html
Reskilling America: Learning to ...,19.83,the-nameless-city-the-nameless-city-1_940/index.html
Rat Queens Vol. 3: ...,50.4,the-nameless-city-the-nameless-city-1_940/index.html
Princess Jellyfish 2-in-1 Omnibus ...,13.61,princess-jellyfish-2-in-1-omnibus-vol-01-princess-jellyfish-2-in-1-omnibus-1_920/index.html
Princess Between Worlds (Wide-Awake ...,13.34,princess-jellyfish-2-in-1-omnibus-vol-01-princess-jellyfish-2-in-1-omnibus-1_920/index.html
Pop Gun War Volume ...,18.97,princess-jellyfish-2-in-1-omnibus-vol-01-princess-jellyfish-2-in-1-omnibus-1_920/index.html
Political Suicide: Missteps Peccadilloes ...,36.28,princess-jellyfish-2-in-1-omnibus-vol-01-princess-jellyfish-2-in-1-omnibus-1_920/index.html
Patience,10.16,princess-jellyfish-2-in-1-omnibus-vol-01-princess-jellyfish-2-in-1-omnibus-1_920/index.html
Outcast Vol. 1: A ...,15.44,princess-jellyfish-2-in-1-omnibus-vol-01-princess-jellyfish-2-in-1-omnibus-1_920/index.html
orange: The Complete Collection ...,48.41,princess-jellyfish-2-in-1-omnibus-vol-01-princess-jellyfish-2-in-1-omnibus-1_920/index.html
Online Marketing for Busy ...,46.35,princess-jellyfish-2-in-1-omnibus-vol-01-princess-jellyfish-2-in-1-omnibus-1_920/index.html
On a Midnight Clear,14.07,princess-jellyfish-2-in-1-omnibus-vol-01-princess-jellyfish-2-in-1-omnibus-1_920/index.html
Obsidian (Lux #1),14.86,princess-jellyfish-2-in-1-omnibus-vol-01-princess-jellyfish-2-in-1-omnibus-1_920/index.html
My Paris Kitchen: Recipes ...,33.37,princess-jellyfish-2-in-1-omnibus-vol-01-princess-jellyfish-2-in-1-omnibus-1_920/index.html
Masks and Shadows,56.4,princess-jellyfish-2-in-1-omnibus-vol-01-princess-jellyfish-2-in-1-omnibus-1_920/index.html
Mama Tried: Traditional Italian ...,14.02,princess-jellyfish-2-in-1-omnibus-vol-01-princess-jellyfish-2-in-1-omnibus-1_920/index.html
Lumberjanes Vol. 2: Friendship ...,46.91,princess-jellyfish-2-in-1-omnibus-vol-01-princess-jellyfish-2-in-1-omnibus-1_920/index.html
Lumberjanes Vol. 1: Beware ...,45.61,princess-jellyfish-2-in-1-omnibus-vol-01-princess-jellyfish-2-in-1-omnibus-1_920/index.html
Lumberjanes Vol. 3: A ...,19.92,princess-jellyfish-2-in-1-omnibus-vol-01-princess-jellyfish-2-in-1-omnibus-1_920/index.html
Layered: Baking Building and ...,40.11,princess-jellyfish-2-in-1-omnibus-vol-01-princess-jellyfish-2-in-1-omnibus-1_920/index.html
Judo: Seven Steps to ...,53.9,princess-jellyfish-2-in-1-omnibus-vol-01-princess-jellyfish-2-in-1-omnibus-1_920/index.html
Join,35.67,princess-jellyfish-2-in-1-omnibus-vol-01-princess-jellyfish-2-in-1-omnibus-1_920/index.html
In the Country We ...,22.0,princess-jellyfish-2-in-1-omnibus-vol-01-princess-jellyfish-2-in-1-omnibus-1_920/index.html
Immunity: How Elie Metchnikoff ...,57.36,immunity-how-elie-metchnikoff-changed-the-course-of-modern-medicine_900/index.html
I Hate Fairyland Vol. ...,29.17,immunity-how-elie-metchnikoff-changed-the-course-of-modern-medicine_900/index.html
I am a Hero ...,54.63,immunity-how-elie-metchnikoff-changed-the-course-of-modern-medicine_900/index.html
How to Be Miserable: ...,46.03,immunity-how-elie-metchnikoff-changed-the-course-of-modern-medicine_900/index.html
Her Backup Boyfriend (The ...,33.97,immunity-how-elie-metchnikoff-changed-the-course-of-modern-medicine_900/index.html
Giant Days Vol. 2 ...,22.11,immunity-how-elie-metchnikoff-changed-the-course-of-modern-medicine_900/index.html
Forever and Forever: The ...,29.69,immunity-how-elie-metchnikoff-changed-the-course-of-modern-medicine_900/index.html
First and First (Five ...,15.97,immunity-how-elie-metchnikoff-changed-the-course-of-modern-medicine_900/index.html
Fifty Shades Darker (Fifty ...,21.96,immunity-how-elie-metchnikoff-changed-the-course-of-modern-medicine_900/index.html
Everydata: The Misinformation Hidden ...,54.35,immunity-how-elie-metchnikoff-changed-the-course-of-modern-medicine_900/index.html
Don't Be a Jerk: ...,37.97,immunity-how-elie-metchnikoff-changed-the-course-of-modern-medicine_900/index.html
Danganronpa Volume 1,51.99,immunity-how-elie-metchnikoff-changed-the-course-of-modern-medicine_900/index.html
Crown of Midnight (Throne ...,43.29,immunity-how-elie-metchnikoff-changed-the-course-of-modern-medicine_900/index.html
Codename Baboushka Volume 1: ...,36.72,immunity-how-elie-metchnikoff-changed-the-course-of-modern-medicine_900/index.html
Camp Midnight,17.08,immunity-how-elie-metchnikoff-changed-the-course-of-modern-medicine_900/index.html
Call the Nurse: True ...,29.14,immunity-how-elie-metchnikoff-changed-the-course-of-modern-medicine_900/index.html
Burning,28.81,immunity-how-elie-metchnikoff-changed-the-course-of-modern-medicine_900/index.html
Bossypants,49.46,immunity-how-elie-metchnikoff-changed-the-course-of-modern-medicine_900/index.html
Bitch Planet Vol. 1: ...,37.92,immunity-how-elie-metchnikoff-changed-the-course-of-modern-medicine_900/index.html
Avatar: The Last Airbender: ...,28.09,immunity-how-elie-metchnikoff-changed-the-course-of-modern-medicine_900/index.html
Algorithms to Live By: ...,30.81,algorithms-to-live-by-the-computer-science-of-human-decisions_880/index.html
A World of Flavor: ...,42.95,algorithms-to-live-by-the-computer-science-of-human-decisions_880/index.html
A Piece of Sky ...,56.76,algorithms-to-live-by-the-computer-science-of-human-decisions_880/index.html
A Murder in Time,16.64,algorithms-to-live-by-the-computer-science-of-human-decisions_880/index.html
A Flight of Arrows ...,55.53,algorithms-to-live-by-the-computer-science-of-human-decisions_880/index.html
A Fierce and Subtle ...,28.13,algorithms-to-live-by-the-computer-science-of-human-decisions_880/index.html
A Court of Thorns ...,52.37,algorithms-to-live-by-the-computer-science-of-human-decisions_880/index.html
(Un)Qualified: How God Uses ...,54.0,algorithms-to-live-by-the-computer-science-of-human-decisions_880/index.html
You Are What You ...,21.87,algorithms-to-live-by-the-computer-science-of-human-decisions_880/index.html
William Shakespeare's Star Wars: ...,43.3,algorithms-to-live-by-the-computer-science-of-human-decisions_880/index.html
Tuesday Nights in 1980,21.04,algorithms-to-live-by-the-computer-science-of-human-decisions_880/index.html
Tracing Numbers on a ...,41.6,algorithms-to-live-by-the-computer-science-of-human-decisions_880/index.html
Throne of Glass (Throne ...,35.07,algorithms-to-live-by-the-computer-science-of-human-decisions_880/index.html
Thomas Jefferson and the ...,59.64,algorithms-to-live-by-the-computer-science-of-human-decisions_880/index.html
Thirteen Reasons Why,52.72,algorithms-to-live-by-the-computer-science-of-human-decisions_880/index.html
The White Cat and ...,58.08,algorithms-to-live-by-the-computer-science-of-human-decisions_880/index.html
The Wedding Dress,24.12,algorithms-to-live-by-the-computer-science-of-human-decisions_880/index.html
The Vacationers,42.15,algorithms-to-live-by-the-computer-science-of-human-decisions_880/index.html
The Third Wave: An ...,12.61,algorithms-to-live-by-the-computer-science-of-human-decisions_880/index.html
The Stranger,17.44,algorithms-to-live-by-the-computer-science-of-human-decisions_880/index.html
The Shadow Hero (The ...,33.14,the-shadow-hero-the-shadow-hero_860/index.html
The Secret (The Secret ...,27.37,the-shadow-hero-the-shadow-hero_860/index.html
The Regional Office Is ...,51.36,the-shadow-hero-the-shadow-hero_860/index.html
The Psychopath Test: A ...,36.0,the-shadow-hero-the-shadow-hero_860/index.html
The Project,10.65,the-shadow-hero-the-shadow-hero_860/index.html
The Power of Now: ...,43.54,the-shadow-hero-the-shadow-hero_860/index.html
The Omnivore's Dilemma: A ...,38.21,the-shadow-hero-the-shadow-hero_860/index.html
The Nerdy Nummies Cookbook: ...,37.34,the-shadow-hero-the-shadow-hero_860/index.html
The Murder of Roger ...,44.1,the-shadow-hero-the-shadow-hero_860/index.html
The Mistake (Off-Campus #2),43.29,the-shadow-hero-the-shadow-hero_860/index.html
The Matchmaker's Playbook (Wingmen ...,55.85,the-shadow-hero-the-shadow-hero_860/index.html
The Love and Lemons ...,37.6,the-shadow-hero-the-shadow-hero_860/index.html
The Long Shadow of ...,10.97,the-shadow-hero-the-shadow-hero_860/index.html
The Kite Runner,41.82,the-shadow-hero-the-shadow-hero_860/index.html
The House by the ...,36.95,the-shadow-hero-the-shadow-hero_860/index.html
The Glittering Court (The ...,44.28,the-shadow-hero-the-shadow-hero_860/index.html
The Girl on the ...,55.02,the-shadow-hero-the-shadow-hero_860/index.html
The Genius of Birds,17.24,the-shadow-hero-the-shadow-hero_860/index.html
The Emerald Mystery,23.15,the-shadow-hero-the-shadow-hero_860/index.html
The Cookies & Cups ...,41.25,the-shadow-hero-the-shadow-hero_860/index.html
The Bridge to Consciousness: ...,32.0,the-bridge-to-consciousness-im-writing-the-bridge-between-science-and-our-old-and-new-beliefs_840/index.html
The Artist's Way: A ...,38.49,the-bridge-to-consciousness-im-writing-the-bridge-between-science-and-our-old-and-new-beliefs_840/index.html
The Art of War,33.34,the-bridge-to-consciousness-im-writing-the-bridge-between-science-and-our-old-and-new-beliefs_840/index.html
The Argonauts,10.93,the-bridge-to-consciousness-im-writing-the-bridge-between-science-and-our-old-and-new-beliefs_840/index.html
The 10% Entrepreneur: Live ...,27.55,the-bridge-to-consciousness-im-writing-the-bridge-between-science-and-our-old-and-new-beliefs_840/index.html
Suddenly in Love (Lake ...,55.99,the-bridge-to-consciousness-im-writing-the-bridge-between-science-and-our-old-and-new-beliefs_840/index.html
Something More Than This,16.24,the-bridge-to-consciousness-im-writing-the-bridge-between-science-and-our-old-and-new-beliefs_840/index.html
Soft Apocalypse,26.12,the-bridge-to-consciousness-im-writing-the-bridge-between-science-and-our-old-and-new-beliefs_840/index.html
So You've Been Publicly ...,12.23,the-bridge-to-consciousness-im-writing-the-bridge-between-science-and-our-old-and-new-beliefs_840/index.html
Shoe Dog: A Memoir ...,23.99,the-bridge-to-consciousness-im-writing-the-bridge-between-science-and-our-old-and-new-beliefs_840/index.html
Shobu Samurai Project Aryoku ...,29.06,the-bridge-to-consciousness-im-writing-the-bridge-between-science-and-our-old-and-new-beliefs_840/index.html
Secrets and Lace (Fatal ...,20.27,the-bridge-to-consciousness-im-writing-the-bridge-between-science-and-our-old-and-new-beliefs_840/index.html
Scarlett Epstein Hates It ...,43.55,the-bridge-to-consciousness-im-writing-the-bridge-between-science-and-our-old-and-new-beliefs_840/index.html
Romero and Juliet: A ...,36.94,the-bridge-to-consciousness-im-writing-the-bridge-between-science-and-our-old-and-new-beliefs_840/index.html
Redeeming Love,20.47,the-bridge-to-consciousness-im-writing-the-bridge-between-science-and-our-old-and-new-beliefs_840/index.html
Poses for Artists Volume ...,41.06,the-bridge-to-consciousness-im-writing-the-bridge-between-science-and-our-old-and-new-beliefs_840/index.html
Poems That Make Grown ...,14.19,the-bridge-to-consciousness-im-writing-the-bridge-between-science-and-our-old-and-new-beliefs_840/index.html
Nightingale Sing,38.28,the-bridge-to-consciousness-im-writing-the-bridge-between-science-and-our-old-and-new-beliefs_840/index.html
Night Sky with Exit ...,41.05,the-bridge-to-consciousness-im-writing-the-bridge-between-science-and-our-old-and-new-beliefs_840/index.html
Mrs. Houdini,30.25,the-bridge-to-consciousness-im-writing-the-bridge-between-science-and-our-old-and-new-beliefs_840/index.html
Modern Romance,28.26,modern-romance_820/index.html
Miss Peregrine’s Home for ...,10.76,modern-romance_820/index.html
Louisa: The Extraordinary Life ...,16.85,modern-romance_820/index.html
Little Red,13.47,modern-romance_820/index.html
Library of Souls (Miss ...,48.56,modern-romance_820/index.html
Large Print Heart of ...,19.15,modern-romance_820/index.html
I Had a Nice ...,57.36,modern-romance_820/index.html
Hollow City (Miss Peregrine’s ...,42.98,modern-romance_820/index.html
Grumbles,22.16,modern-romance_820/index.html
Full Moon over Noah’s ...,49.43,modern-romance_820/index.html
Frostbite (Vampire Academy #2),29.99,modern-romance_820/index.html
Follow You Home,21.36,modern-romance_820/index.html
First Steps for New ...,29.0,modern-romance_820/index.html
Finders Keepers (Bill Hodges ...,53.53,modern-romance_820/index.html
Fables Vol. 1: Legends ...,41.62,modern-romance_820/index.html
Eureka Trivia 6.0,54.59,modern-romance_820/index.html
Drive: The Surprising Truth ...,34.95,modern-romance_820/index.html
Done Rubbed Out (Reightman ...,37.72,modern-romance_820/index.html
Doing It Over (Most ...,35.61,modern-romance_820/index.html
Deliciously Ella Every Day: ...,42.16,modern-romance_820/index.html
Dark Notes,19.19,dark-notes_800/index.html
Daring Greatly: How the ...,19.43,dark-notes_800/index.html
Close to You,49.46,dark-notes_800/index.html
Chasing Heaven: What Dying ...,37.8,dark-notes_800/index.html
Big Magic: Creative Living ...,30.8,dark-notes_800/index.html
Becoming Wise: An Inquiry ...,27.43,dark-notes_800/index.html
Beauty Restored (Riley Family ...,11.11,dark-notes_800/index.html
Batman: The Long Halloween ...,36.5,dark-notes_800/index.html
Batman: The Dark Knight ...,15.38,dark-notes_800/index.html
Ayumi's Violin,15.48,dark-notes_800/index.html
Anonymous,46.82,dark-notes_800/index.html
Amy Meets the Saints ...,18.46,dark-notes_800/index.html
Amid the Chaos,36.58,dark-notes_800/index.html
Amatus,50.54,dark-notes_800/index.html
Agnostic: A Spirited Manifesto,12.51,dark-notes_800/index.html
Zealot: The Life and ...,24.7,dark-notes_800/index.html
You (You #1),43.61,dark-notes_800/index.html
Wonder Woman: Earth One ...,37.34,dark-notes_800/index.html
Wild Swans,14.36,dark-notes_800/index.html
Why the Right Went ...,52.65,dark-notes_800/index.html
Whole Lotta Creativity Going ...,38.2,whole-lotta-creativity-going-on-60-fun-and-unusual-exercises-to-awaken-and-strengthen-your-creativity_780/index.html
What's It Like in ...,19.6,whole-lotta-creativity-going-on-60-fun-and-unusual-exercises-to-awaken-and-strengthen-your-creativity_780/index.html
We Are Robin Vol. ...,53.9,whole-lotta-creativity-going-on-60-fun-and-unusual-exercises-to-awaken-and-strengthen-your-creativity_780/index.html
Walt Disney's Alice in ...,12.96,whole-lotta-creativity-going-on-60-fun-and-unusual-exercises-to-awaken-and-strengthen-your-creativity_780/index.html
V for Vendetta (V ...,37.1,whole-lotta-creativity-going-on-60-fun-and-unusual-exercises-to-awaken-and-strengthen-your-creativity_780/index.html
Until Friday Night (The ...,46.31,whole-lotta-creativity-going-on-60-fun-and-unusual-exercises-to-awaken-and-strengthen-your-creativity_780/index.html
Unbroken: A World War ...,45.95,whole-lotta-creativity-going-on-60-fun-and-unusual-exercises-to-awaken-and-strengthen-your-creativity_780/index.html
Twenty Yawns,22.08,whole-lotta-creativity-going-on-60-fun-and-unusual-exercises-to-awaken-and-strengthen-your-creativity_780/index.html
Through the Woods,25.38,whole-lotta-creativity-going-on-60-fun-and-unusual-exercises-to-awaken-and-strengthen-your-creativity_780/index.html
This Is Where It ...,27.12,whole-lotta-creativity-going-on-60-fun-and-unusual-exercises-to-awaken-and-strengthen-your-creativity_780/index.html
The Year of Magical ...,43.04,whole-lotta-creativity-going-on-60-fun-and-unusual-exercises-to-awaken-and-strengthen-your-creativity_780/index.html
The Wright Brothers,56.8,whole-lotta-creativity-going-on-60-fun-and-unusual-exercises-to-awaken-and-strengthen-your-creativity_780/index.html
The White Queen (The ...,25.91,whole-lotta-creativity-going-on-60-fun-and-unusual-exercises-to-awaken-and-strengthen-your-creativity_780/index.html
The Wedding Pact (The ...,32.61,whole-lotta-creativity-going-on-60-fun-and-unusual-exercises-to-awaken-and-strengthen-your-creativity_780/index.html
The Time Keeper,27.88,whole-lotta-creativity-going-on-60-fun-and-unusual-exercises-to-awaken-and-strengthen-your-creativity_780/index.html
The Testament of Mary,52.67,whole-lotta-creativity-going-on-60-fun-and-unusual-exercises-to-awaken-and-strengthen-your-creativity_780/index.html
The Star-Touched Queen,46.02,whole-lotta-creativity-going-on-60-fun-and-unusual-exercises-to-awaken-and-strengthen-your-creativity_780/index.html
The Songs of the ...,44.48,whole-lotta-creativity-going-on-60-fun-and-unusual-exercises-to-awaken-and-strengthen-your-creativity_780/index.html
The Song of Achilles,37.4,whole-lotta-creativity-going-on-60-fun-and-unusual-exercises-to-awaken-and-strengthen-your-creativity_780/index.html
The Rosie Project (Don ...,54.04,whole-lotta-creativity-going-on-60-fun-and-unusual-exercises-to-awaken-and-strengthen-your-creativity_780/index.html
The Power of Habit: ...,16.88,the-power-of-habit-why-we-do-what-we-do-in-life-and-business_760/index.html
The Marriage of Opposites,28.08,the-power-of-habit-why-we-do-what-we-do-in-life-and-business_760/index.html
The Lucifer Effect: Understanding ...,10.4,the-power-of-habit-why-we-do-what-we-do-in-life-and-business_760/index.html
The Long Haul (Diary ...,44.07,the-power-of-habit-why-we-do-what-we-do-in-life-and-business_760/index.html
The Loney,23.4,the-power-of-habit-why-we-do-what-we-do-in-life-and-business_760/index.html
The Literature Book (Big ...,17.43,the-power-of-habit-why-we-do-what-we-do-in-life-and-business_760/index.html
The Last Mile (Amos ...,54.21,the-power-of-habit-why-we-do-what-we-do-in-life-and-business_760/index.html
The Immortal Life of ...,40.67,the-power-of-habit-why-we-do-what-we-do-in-life-and-business_760/index.html
The Hidden Oracle (The ...,52.26,the-power-of-habit-why-we-do-what-we-do-in-life-and-business_760/index.html
The Help Yourself Cookbook ...,28.77,the-power-of-habit-why-we-do-what-we-do-in-life-and-business_760/index.html
The Guilty (Will Robie ...,13.82,the-power-of-habit-why-we-do-what-we-do-in-life-and-business_760/index.html
The First Hostage (J.B. ...,25.85,the-power-of-habit-why-we-do-what-we-do-in-life-and-business_760/index.html
The Dovekeepers,48.78,the-power-of-habit-why-we-do-what-we-do-in-life-and-business_760/index.html
The Darkest Lie,35.35,the-power-of-habit-why-we-do-what-we-do-in-life-and-business_760/index.html
The Bane Chronicles (The ...,44.73,the-power-of-habit-why-we-do-what-we-do-in-life-and-business_760/index.html
The Bad-Ass Librarians of ...,15.77,the-power-of-habit-why-we-do-what-we-do-in-life-and-business_760/index.html
The 14th Colony (Cotton ...,39.24,the-power-of-habit-why-we-do-what-we-do-in-life-and-business_760/index.html
That Darkness (Gardiner and ...,13.92,the-power-of-habit-why-we-do-what-we-do-in-life-and-business_760/index.html
Tastes Like Fear (DI ...,10.69,the-power-of-habit-why-we-do-what-we-do-in-life-and-business_760/index.html
Take Me with You,45.21,the-power-of-habit-why-we-do-what-we-do-in-life-and-business_760/index.html
Swell: A Year of ...,45.58,swell-a-year-of-waves_740/index.html
Superman Vol. 1: Before ...,11.89,swell-a-year-of-waves_740/index.html
Still Life with Bread ...,26.41,swell-a-year-of-waves_740/index.html
Steve Jobs,39.5,swell-a-year-of-waves_740/index.html
Sorting the Beef from ...,44.74,swell-a-year-of-waves_740/index.html
Someone Like You (The ...,52.79,swell-a-year-of-waves_740/index.html
So Cute It Hurts!! ...,35.43,swell-a-year-of-waves_740/index.html
Shtum,55.84,swell-a-year-of-waves_740/index.html
See America: A Celebration ...,48.87,swell-a-year-of-waves_740/index.html
salt.,46.78,swell-a-year-of-waves_740/index.html
Robin War,47.82,swell-a-year-of-waves_740/index.html
Red Hood/Arsenal Vol. 1: ...,25.48,swell-a-year-of-waves_740/index.html
Rain Fish,23.57,swell-a-year-of-waves_740/index.html
Quarter Life Poetry: Poems ...,50.89,swell-a-year-of-waves_740/index.html
Pet Sematary,10.56,swell-a-year-of-waves_740/index.html
Overload: How to Unplug ...,52.15,swell-a-year-of-waves_740/index.html
Once Was a Time,18.28,swell-a-year-of-waves_740/index.html
Old School (Diary of ...,11.83,swell-a-year-of-waves_740/index.html
No Dream Is Too ...,21.95,swell-a-year-of-waves_740/index.html
Naruto (3-in-1 Edition) Vol. ...,38.39,swell-a-year-of-waves_740/index.html
My Name Is Lucy ...,41.56,my-name-is-lucy-barton_720/index.html
My Mrs. Brown,24.48,my-name-is-lucy-barton_720/index.html
My Kind of Crazy,40.36,my-name-is-lucy-barton_720/index.html
Mr. Mercedes (Bill Hodges ...,28.9,my-name-is-lucy-barton_720/index.html
More Than Music (Chasing ...,37.61,my-name-is-lucy-barton_720/index.html
Made to Stick: Why ...,38.85,my-name-is-lucy-barton_720/index.html
Luis Paints the World,53.95,my-name-is-lucy-barton_720/index.html
Luckiest Girl Alive,49.83,my-name-is-lucy-barton_720/index.html
Lowriders to the Center ...,51.51,my-name-is-lucy-barton_720/index.html
Love Is a Mix ...,18.03,my-name-is-lucy-barton_720/index.html
Looking for Lovely: Collecting ...,29.14,my-name-is-lucy-barton_720/index.html
Living Leadership by Insight: ...,46.91,my-name-is-lucy-barton_720/index.html
Let It Out: A ...,26.79,my-name-is-lucy-barton_720/index.html
Lady Midnight (The Dark ...,16.28,my-name-is-lucy-barton_720/index.html
It's All Easy: Healthy ...,19.55,my-name-is-lucy-barton_720/index.html
Island of Dragons (Unwanteds ...,29.65,my-name-is-lucy-barton_720/index.html
I Know What I'm ...,25.98,my-name-is-lucy-barton_720/index.html
I Am Pilgrim (Pilgrim ...,10.6,my-name-is-lucy-barton_720/index.html
Hyperbole and a Half: ...,14.75,my-name-is-lucy-barton_720/index.html
Hush Hush (Hush Hush ...,47.02,my-name-is-lucy-barton_720/index.html
Hold Your Breath (Search ...,28.82,hold-your-breath-search-and-rescue-1_700/index.html
Hamilton: The Revolution,58.79,hold-your-breath-search-and-rescue-1_700/index.html
Greek Mythic History,10.23,hold-your-breath-search-and-rescue-1_700/index.html
God: The Most Unpleasant ...,30.03,hold-your-breath-search-and-rescue-1_700/index.html
Glory over Everything: Beyond ...,45.84,hold-your-breath-search-and-rescue-1_700/index.html
Feathers: Displays of Brilliant ...,49.05,hold-your-breath-search-and-rescue-1_700/index.html
Far & Away: Places ...,15.06,hold-your-breath-search-and-rescue-1_700/index.html
Every Last Word,46.47,hold-your-breath-search-and-rescue-1_700/index.html
Eligible (The Austen Project ...,27.09,hold-your-breath-search-and-rescue-1_700/index.html
El Deafo,57.62,hold-your-breath-search-and-rescue-1_700/index.html
Eight Hundred Grapes,14.39,hold-your-breath-search-and-rescue-1_700/index.html
Eaternity: More than 150 ...,51.75,hold-your-breath-search-and-rescue-1_700/index.html
Eat Fat Get Thin,54.07,hold-your-breath-search-and-rescue-1_700/index.html
Don't Get Caught,55.35,hold-your-breath-search-and-rescue-1_700/index.html
Doctor Sleep (The Shining ...,40.12,hold-your-breath-search-and-rescue-1_700/index.html
Demigods & Magicians: Percy ...,37.51,hold-your-breath-search-and-rescue-1_700/index.html
Dear Mr. Knightley,11.21,hold-your-breath-search-and-rescue-1_700/index.html
Daily Fantasy Sports,36.58,hold-your-breath-search-and-rescue-1_700/index.html
Crazy Love: Overwhelmed by ...,47.72,hold-your-breath-search-and-rescue-1_700/index.html
Cometh the Hour (The ...,25.01,hold-your-breath-search-and-rescue-1_700/index.html
Code Name Verity (Code ...,22.13,code-name-verity-code-name-verity-1_680/index.html
Clockwork Angel (The Infernal ...,44.14,code-name-verity-code-name-verity-1_680/index.html
City of Glass (The ...,56.02,code-name-verity-code-name-verity-1_680/index.html
City of Fallen Angels ...,11.23,code-name-verity-code-name-verity-1_680/index.html
City of Bones (The ...,43.28,code-name-verity-code-name-verity-1_680/index.html
City of Ashes (The ...,47.27,code-name-verity-code-name-verity-1_680/index.html
Cell,20.29,code-name-verity-code-name-verity-1_680/index.html
Catching Jordan (Hundred Oaks),50.83,code-name-verity-code-name-verity-1_680/index.html
Carry On Warrior: Thoughts ...,31.85,code-name-verity-code-name-verity-1_680/index.html
Carrie,46.23,code-name-verity-code-name-verity-1_680/index.html
Buying In: The Secret ...,37.8,code-name-verity-code-name-verity-1_680/index.html
Brain on Fire: My ...,49.32,code-name-verity-code-name-verity-1_680/index.html
Batman: Europa,32.01,code-name-verity-code-name-verity-1_680/index.html
Barefoot Contessa Back to ...,28.01,code-name-verity-code-name-verity-1_680/index.html
Barefoot Contessa at Home: ...,50.62,code-name-verity-code-name-verity-1_680/index.html
Balloon Animals,17.03,code-name-verity-code-name-verity-1_680/index.html
Art Ops Vol. 1,48.8,code-name-verity-code-name-verity-1_680/index.html
Aristotle and Dante Discover ...,58.14,code-name-verity-code-name-verity-1_680/index.html
Angels Walking (Angels Walking ...,34.2,code-name-verity-code-name-verity-1_680/index.html
Angels & Demons (Robert ...,51.48,code-name-verity-code-name-verity-1_680/index.html
All the Light We ...,29.87,all-the-light-we-cannot-see_660/index.html
Adulthood Is a Myth: ...,10.9,all-the-light-we-cannot-see_660/index.html
Abstract City,56.37,all-the-light-we-cannot-see_660/index.html
A Time of Torment ...,48.35,all-the-light-we-cannot-see_660/index.html
A Study in Scarlet ...,16.73,all-the-light-we-cannot-see_660/index.html
A Series of Catastrophes ...,56.48,all-the-light-we-cannot-see_660/index.html
A People's History of ...,40.79,all-the-light-we-cannot-see_660/index.html
A Man Called Ove,39.72,all-the-light-we-cannot-see_660/index.html
A Distant Mirror: The ...,14.58,all-the-light-we-cannot-see_660/index.html
A Brush of Wings ...,55.51,all-the-light-we-cannot-see_660/index.html
1491: New Revelations of ...,21.8,all-the-light-we-cannot-see_660/index.html
The Three Searches Meaning ...,13.33,all-the-light-we-cannot-see_660/index.html
Searching for Meaning in ...,38.73,all-the-light-we-cannot-see_660/index.html
Rook,37.86,all-the-light-we-cannot-see_660/index.html
My Kitchen Year: 136 ...,11.53,all-the-light-we-cannot-see_660/index.html
13 Hours: The Inside ...,27.06,all-the-light-we-cannot-see_660/index.html
Will You Won't You ...,13.86,all-the-light-we-cannot-see_660/index.html
Tipping Point for Planet ...,37.55,all-the-light-we-cannot-see_660/index.html
The Star-Touched Queen,32.3,all-the-light-we-cannot-see_660/index.html
The Silent Sister (Riley ...,46.29,all-the-light-we-cannot-see_660/index.html
The Midnight Watch: A ...,26.2,the-midnight-watch-a-novel-of-the-titanic-and-the-californian_640/index.html
The Lonely City: Adventures ...,33.26,the-midnight-watch-a-novel-of-the-titanic-and-the-californian_640/index.html
The Gray Rhino: How ...,59.15,the-midnight-watch-a-novel-of-the-titanic-and-the-californian_640/index.html
The Golden Condom: And ...,39.43,the-midnight-watch-a-novel-of-the-titanic-and-the-californian_640/index.html
The Epidemic (The Program ...,14.44,the-midnight-watch-a-novel-of-the-titanic-and-the-californian_640/index.html
The Dinner Party,56.54,the-midnight-watch-a-novel-of-the-titanic-and-the-californian_640/index.html
The Diary of a ...,59.9,the-midnight-watch-a-novel-of-the-titanic-and-the-californian_640/index.html
The Children,11.88,the-midnight-watch-a-novel-of-the-titanic-and-the-californian_640/index.html
Stars Above (The Lunar ...,48.05,the-midnight-watch-a-novel-of-the-titanic-and-the-californian_640/index.html
Snatched: How A Drug ...,21.21,the-midnight-watch-a-novel-of-the-titanic-and-the-californian_640/index.html
Raspberry Pi Electronics Projects ...,49.67,the-midnight-watch-a-novel-of-the-titanic-and-the-californian_640/index.html
Quench Your Own Thirst: ...,43.14,the-midnight-watch-a-novel-of-the-titanic-and-the-californian_640/index.html
Psycho: Sanitarium (Psycho #1.5),36.97,the-midnight-watch-a-novel-of-the-titanic-and-the-californian_640/index.html
Poisonous (Max Revere Novels ...,26.8,the-midnight-watch-a-novel-of-the-titanic-and-the-californian_640/index.html
One with You (Crossfire ...,15.71,the-midnight-watch-a-novel-of-the-titanic-and-the-californian_640/index.html
No Love Allowed (Dodge ...,54.65,the-midnight-watch-a-novel-of-the-titanic-and-the-californian_640/index.html
Murder at the 42nd ...,54.36,the-midnight-watch-a-novel-of-the-titanic-and-the-californian_640/index.html
Most Wanted,35.28,the-midnight-watch-a-novel-of-the-titanic-and-the-californian_640/index.html
Love Lies and Spies,20.55,the-midnight-watch-a-novel-of-the-titanic-and-the-californian_640/index.html
How to Speak Golf: ...,58.32,the-midnight-watch-a-novel-of-the-titanic-and-the-californian_640/index.html
Hide Away (Eve Duncan ...,11.84,hide-away-eve-duncan-20_620/index.html
Furiously Happy: A Funny ...,41.46,hide-away-eve-duncan-20_620/index.html
Everyday Italian: 125 Simple ...,20.1,hide-away-eve-duncan-20_620/index.html
Equal Is Unfair: America's ...,56.86,hide-away-eve-duncan-20_620/index.html
Eleanor & Park,56.51,hide-away-eve-duncan-20_620/index.html
Dirty (Dive Bar #1),40.83,hide-away-eve-duncan-20_620/index.html
Can You Keep a ...,48.64,hide-away-eve-duncan-20_620/index.html
Boar Island (Anna Pigeon ...,59.48,hide-away-eve-duncan-20_620/index.html
A Paris Apartment,39.01,hide-away-eve-duncan-20_620/index.html
A la Mode: 120 ...,38.77,hide-away-eve-duncan-20_620/index.html
Troublemaker: Surviving Hollywood and ...,48.39,hide-away-eve-duncan-20_620/index.html
The Widow,27.26,hide-away-eve-duncan-20_620/index.html
The Sleep Revolution: Transforming ...,11.68,hide-away-eve-duncan-20_620/index.html
The Improbability of Love,59.45,hide-away-eve-duncan-20_620/index.html
The Art of Startup ...,21.0,hide-away-eve-duncan-20_620/index.html
Take Me Home Tonight ...,53.98,hide-away-eve-duncan-20_620/index.html
Sleeping Giants (Themis Files ...,48.74,hide-away-eve-duncan-20_620/index.html
Setting the World on ...,21.15,hide-away-eve-duncan-20_620/index.html
Playing with Fire,13.71,hide-away-eve-duncan-20_620/index.html
Off the Hook (Fishing ...,47.67,hide-away-eve-duncan-20_620/index.html
Mothering Sunday,13.34,mothering-sunday_600/index.html
Mother Can You Not?,16.89,mothering-sunday_600/index.html
M Train,27.18,mothering-sunday_600/index.html
Lilac Girls,17.28,mothering-sunday_600/index.html
Lies and Other Acts ...,45.14,mothering-sunday_600/index.html
Lab Girl,40.85,mothering-sunday_600/index.html
Keep Me Posted,20.46,mothering-sunday_600/index.html
It Didn't Start with ...,56.27,mothering-sunday_600/index.html
Grey (Fifty Shades #4),48.49,mothering-sunday_600/index.html
Exit Pursued by a ...,51.34,mothering-sunday_600/index.html
Daredevils,16.34,mothering-sunday_600/index.html
Cravings: Recipes for What ...,20.5,mothering-sunday_600/index.html
Born for This: How ...,21.59,mothering-sunday_600/index.html
Arena,21.36,mothering-sunday_600/index.html
Adultery,20.88,mothering-sunday_600/index.html
A Mother's Reckoning: Living ...,19.53,mothering-sunday_600/index.html
A Gentleman's Position (Society ...,14.75,mothering-sunday_600/index.html
11/22/63,48.48,mothering-sunday_600/index.html
10% Happier: How I ...,24.57,mothering-sunday_600/index.html
10-Day Green Smoothie Cleanse: ...,49.71,mothering-sunday_600/index.html
Without Shame,48.27,without-shame_580/index.html
Watchmen,58.05,without-shame_580/index.html
Unlimited Intuition Now,58.87,without-shame_580/index.html
Underlying Notes,11.82,without-shame_580/index.html
The Shack,28.03,without-shame_580/index.html
The New Brand You: ...,44.05,without-shame_580/index.html
The Moosewood Cookbook: Recipes ...,12.34,without-shame_580/index.html
The Flowers Lied,16.68,without-shame_580/index.html
The Fabric of the ...,55.91,without-shame_580/index.html
The Book of Mormon,24.57,without-shame_580/index.html
The Art and Science ...,52.98,without-shame_580/index.html
The Alien Club,54.4,without-shame_580/index.html
Suzie Snowflake: One beautiful ...,54.81,without-shame_580/index.html
Nap-a-Roo,25.08,without-shame_580/index.html
NaNo What Now? Finding ...,10.41,without-shame_580/index.html
Modern Day Fables,47.44,without-shame_580/index.html
If I Gave You ...,20.91,without-shame_580/index.html
Fruits Basket Vol. 9 ...,33.95,without-shame_580/index.html
Dress Your Family in ...,43.68,without-shame_580/index.html
Don't Forget Steven,33.23,without-shame_580/index.html
Chernobyl 01:23:40: The Incredible ...,35.92,chernobyl-012340-the-incredible-true-story-of-the-worlds-worst-nuclear-disaster_560/index.html
Art and Fear: Observations ...,48.63,chernobyl-012340-the-incredible-true-story-of-the-worlds-worst-nuclear-disaster_560/index.html
A Shard of Ice ...,56.63,chernobyl-012340-the-incredible-true-story-of-the-worlds-worst-nuclear-disaster_560/index.html
A Hero's Curse (The ...,50.49,chernobyl-012340-the-incredible-true-story-of-the-worlds-worst-nuclear-disaster_560/index.html
23 Degrees South: A ...,35.79,chernobyl-012340-the-incredible-true-story-of-the-worlds-worst-nuclear-disaster_560/index.html
Zero to One: Notes ...,34.06,chernobyl-012340-the-incredible-true-story-of-the-worlds-worst-nuclear-disaster_560/index.html
Why Not Me?,17.76,chernobyl-012340-the-incredible-true-story-of-the-worlds-worst-nuclear-disaster_560/index.html
When Breath Becomes Air,39.36,chernobyl-012340-the-incredible-true-story-of-the-worlds-worst-nuclear-disaster_560/index.html
Vagabonding: An Uncommon Guide ...,36.94,chernobyl-012340-the-incredible-true-story-of-the-worlds-worst-nuclear-disaster_560/index.html
The Unlikely Pilgrimage of ...,43.62,chernobyl-012340-the-incredible-true-story-of-the-worlds-worst-nuclear-disaster_560/index.html
The New Drawing on ...,43.02,chernobyl-012340-the-incredible-true-story-of-the-worlds-worst-nuclear-disaster_560/index.html
The Midnight Assassin: Panic ...,28.45,chernobyl-012340-the-incredible-true-story-of-the-worlds-worst-nuclear-disaster_560/index.html
The Martian (The Martian ...,41.39,chernobyl-012340-the-incredible-true-story-of-the-worlds-worst-nuclear-disaster_560/index.html
The High Mountains of ...,51.15,chernobyl-012340-the-incredible-true-story-of-the-worlds-worst-nuclear-disaster_560/index.html
The Grownup,35.88,chernobyl-012340-the-incredible-true-story-of-the-worlds-worst-nuclear-disaster_560/index.html
The E-Myth Revisited: Why ...,36.91,chernobyl-012340-the-incredible-true-story-of-the-worlds-worst-nuclear-disaster_560/index.html
South of Sunshine,28.93,chernobyl-012340-the-incredible-true-story-of-the-worlds-worst-nuclear-disaster_560/index.html
Smarter Faster Better: The ...,38.89,chernobyl-012340-the-incredible-true-story-of-the-worlds-worst-nuclear-disaster_560/index.html
Silence in the Dark ...,58.33,chernobyl-012340-the-incredible-true-story-of-the-worlds-worst-nuclear-disaster_560/index.html
Shadows of the Past ...,39.67,chernobyl-012340-the-incredible-true-story-of-the-worlds-worst-nuclear-disaster_560/index.html
Roller Girl,14.1,roller-girl_540/index.html
Rising Strong,21.82,roller-girl_540/index.html
Proofs of God: Classical ...,54.21,roller-girl_540/index.html
Please Kill Me: The ...,31.19,roller-girl_540/index.html
Out of Print: City ...,53.64,roller-girl_540/index.html
My Life Next Door ...,36.39,roller-girl_540/index.html
Miller's Valley,58.54,roller-girl_540/index.html
Man's Search for Meaning,29.48,roller-girl_540/index.html
Love That Boy: What ...,25.06,roller-girl_540/index.html
Living Forward: A Proven ...,12.55,roller-girl_540/index.html
Les Fleurs du Mal,29.04,roller-girl_540/index.html
Left Behind (Left Behind ...,40.72,roller-girl_540/index.html
Kill 'Em and Leave: ...,45.05,roller-girl_540/index.html
Kierkegaard: A Christian Missionary ...,47.13,roller-girl_540/index.html
John Vassos: Industrial Design ...,20.22,roller-girl_540/index.html
I'll Give You the ...,56.48,roller-girl_540/index.html
I Will Find You,44.21,roller-girl_540/index.html
Hystopia: A Novel,21.96,roller-girl_540/index.html
Howl and Other Poems,40.45,roller-girl_540/index.html
History of Beauty,10.29,roller-girl_540/index.html
Heaven is for Real: ...,52.86,heaven-is-for-real-a-little-boys-astounding-story-of-his-trip-to-heaven-and-back_520/index.html
Future Shock (Future Shock ...,55.65,heaven-is-for-real-a-little-boys-astounding-story-of-his-trip-to-heaven-and-back_520/index.html
Ender's Game (The Ender ...,43.64,heaven-is-for-real-a-little-boys-astounding-story-of-his-trip-to-heaven-and-back_520/index.html
Diary of a Citizen ...,28.41,heaven-is-for-real-a-little-boys-astounding-story-of-his-trip-to-heaven-and-back_520/index.html
Death by Leisure: A ...,37.51,heaven-is-for-real-a-little-boys-astounding-story-of-his-trip-to-heaven-and-back_520/index.html
Brilliant Beacons: A History ...,11.45,heaven-is-for-real-a-little-boys-astounding-story-of-his-trip-to-heaven-and-back_520/index.html
Brazen: The Courage to ...,19.22,heaven-is-for-real-a-little-boys-astounding-story-of-his-trip-to-heaven-and-back_520/index.html
Between the World and ...,56.91,heaven-is-for-real-a-little-boys-astounding-story-of-his-trip-to-heaven-and-back_520/index.html
Being Mortal: Medicine and ...,55.06,heaven-is-for-real-a-little-boys-astounding-story-of-his-trip-to-heaven-and-back_520/index.html
A Murder Over a ...,13.2,heaven-is-for-real-a-little-boys-astounding-story-of-his-trip-to-heaven-and-back_520/index.html
32 Yolks,53.63,heaven-is-for-real-a-little-boys-astounding-story-of-his-trip-to-heaven-and-back_520/index.html
"""Most Blessed of the ...",44.48,heaven-is-for-real-a-little-boys-astounding-story-of-his-trip-to-heaven-and-back_520/index.html
You Are a Badass: ...,12.08,heaven-is-for-real-a-little-boys-astounding-story-of-his-trip-to-heaven-and-back_520/index.html
Wildlife of New York: ...,22.14,heaven-is-for-real-a-little-boys-astounding-story-of-his-trip-to-heaven-and-back_520/index.html
What Happened on Beale ...,25.37,heaven-is-for-real-a-little-boys-astounding-story-of-his-trip-to-heaven-and-back_520/index.html
Unreasonable Hope: Finding Faith ...,46.33,heaven-is-for-real-a-little-boys-astounding-story-of-his-trip-to-heaven-and-back_520/index.html
Under the Tuscan Sun,37.33,heaven-is-for-real-a-little-boys-astounding-story-of-his-trip-to-heaven-and-back_520/index.html
Toddlers Are A**holes: It's ...,25.55,heaven-is-for-real-a-little-boys-astounding-story-of-his-trip-to-heaven-and-back_520/index.html
The Year of Living ...,34.72,heaven-is-for-real-a-little-boys-astounding-story-of-his-trip-to-heaven-and-back_520/index.html
The Whale,35.96,heaven-is-for-real-a-little-boys-astounding-story-of-his-trip-to-heaven-and-back_520/index.html
The Story of Art,41.14,the-story-of-art_500/index.html
The Origin of Species,10.01,the-story-of-art_500/index.html
The Great Gatsby,36.05,the-story-of-art_500/index.html
The Good Girl,49.03,the-story-of-art_500/index.html
The Glass Castle,16.24,the-story-of-art_500/index.html
The Faith of Christopher ...,39.55,the-story-of-art_500/index.html
The Drowning Girls,35.67,the-story-of-art_500/index.html
The Constant Princess (The ...,16.62,the-story-of-art_500/index.html
The Bourne Identity (Jason ...,42.78,the-story-of-art_500/index.html
The Bachelor Girl's Guide ...,52.3,the-story-of-art_500/index.html
The Art Book,32.34,the-story-of-art_500/index.html
The 7 Habits of ...,33.17,the-story-of-art_500/index.html
Team of Rivals: The ...,20.12,the-story-of-art_500/index.html
Steal Like an Artist: ...,20.9,the-story-of-art_500/index.html
Sit Stay Love,20.9,the-story-of-art_500/index.html
Sister Dear,40.2,the-story-of-art_500/index.html
Shrunken Treasures: Literary Classics ...,52.87,the-story-of-art_500/index.html
Rich Dad Poor Dad,51.74,the-story-of-art_500/index.html
Raymie Nightingale,34.41,the-story-of-art_500/index.html
Playing from the Heart,32.38,the-story-of-art_500/index.html
Nightstruck: A Novel,50.35,nightstruck-a-novel_480/index.html
Naturally Lean: 125 Nourishing ...,11.38,nightstruck-a-novel_480/index.html
Meternity,43.58,nightstruck-a-novel_480/index.html
Memoirs of a Geisha,49.67,nightstruck-a-novel_480/index.html
Like Never Before (Walker ...,28.77,nightstruck-a-novel_480/index.html
Life of Pi,13.22,nightstruck-a-novel_480/index.html
Leave This Song Behind: ...,51.17,nightstruck-a-novel_480/index.html
King's Folly (The Kinsman ...,39.61,nightstruck-a-novel_480/index.html
John Adams,57.43,nightstruck-a-novel_480/index.html
How to Cook Everything ...,46.01,nightstruck-a-novel_480/index.html
How to Be a ...,28.25,nightstruck-a-novel_480/index.html
Good in Bed (Cannie ...,37.05,nightstruck-a-novel_480/index.html
Fruits Basket Vol. 7 ...,19.57,nightstruck-a-novel_480/index.html
For the Love: Fighting ...,45.13,nightstruck-a-novel_480/index.html
Finding God in the ...,46.64,nightstruck-a-novel_480/index.html
Every Heart a Doorway ...,12.16,nightstruck-a-novel_480/index.html
Delivering the Truth (Quaker ...,20.89,nightstruck-a-novel_480/index.html
Counted With the Stars ...,17.97,nightstruck-a-novel_480/index.html
Chronicles Vol. 1,52.6,nightstruck-a-novel_480/index.html
Blue Like Jazz: Nonreligious ...,25.77,nightstruck-a-novel_480/index.html
Benjamin Franklin: An American ...,48.19,benjamin-franklin-an-american-life_460/index.html
At The Existentialist Café: ...,29.93,benjamin-franklin-an-american-life_460/index.html
A Summer In Europe,44.34,benjamin-franklin-an-american-life_460/index.html
A Short History of ...,52.4,benjamin-franklin-an-american-life_460/index.html
A Gathering of Shadows ...,44.81,benjamin-franklin-an-american-life_460/index.html
The Sound Of Love,57.84,benjamin-franklin-an-american-life_460/index.html
The Rise and Fall ...,39.67,benjamin-franklin-an-american-life_460/index.html
The Perks of Being ...,55.02,benjamin-franklin-an-american-life_460/index.html
The Mysterious Affair at ...,24.8,benjamin-franklin-an-american-life_460/index.html
The Man Who Mistook ...,59.45,benjamin-franklin-an-american-life_460/index.html
The Makings of a ...,31.58,benjamin-franklin-an-american-life_460/index.html
The Joy of Cooking,43.27,benjamin-franklin-an-american-life_460/index.html
The Invention of Wings,37.34,benjamin-franklin-an-american-life_460/index.html
The Hobbit (Middle-Earth Universe),17.8,benjamin-franklin-an-american-life_460/index.html
The Great Railway Bazaar,30.54,benjamin-franklin-an-american-life_460/index.html
The Golden Compass (His ...,18.77,benjamin-franklin-an-american-life_460/index.html
The God Delusion,46.85,benjamin-franklin-an-american-life_460/index.html
The Girl You Left ...,15.79,benjamin-franklin-an-american-life_460/index.html
The Fellowship of the ...,10.27,benjamin-franklin-an-american-life_460/index.html
The Collected Poems of ...,15.42,benjamin-franklin-an-american-life_460/index.html
The Barefoot Contessa Cookbook,59.92,the-barefoot-contessa-cookbook_440/index.html
Tell the Wolves I'm ...,50.96,the-barefoot-contessa-cookbook_440/index.html
Ship Leaves Harbor: Essays ...,30.6,the-barefoot-contessa-cookbook_440/index.html
Pride and Prejudice,19.27,the-barefoot-contessa-cookbook_440/index.html
Musicophilia: Tales of Music ...,46.58,the-barefoot-contessa-cookbook_440/index.html
Mere Christianity,48.51,the-barefoot-contessa-cookbook_440/index.html
Me Before You (Me ...,19.02,the-barefoot-contessa-cookbook_440/index.html
In the Woods (Dublin ...,38.38,the-barefoot-contessa-cookbook_440/index.html
In Cold Blood,49.98,the-barefoot-contessa-cookbook_440/index.html
How to Stop Worrying ...,46.49,the-barefoot-contessa-cookbook_440/index.html
Give It Back,18.32,the-barefoot-contessa-cookbook_440/index.html
Girl Interrupted,42.14,the-barefoot-contessa-cookbook_440/index.html
Fun Home: A Family ...,56.59,the-barefoot-contessa-cookbook_440/index.html
Fruits Basket Vol. 6 ...,20.96,the-barefoot-contessa-cookbook_440/index.html
Deception Point,40.32,the-barefoot-contessa-cookbook_440/index.html
Death Note Vol. 6: ...,36.39,the-barefoot-contessa-cookbook_440/index.html
Catherine the Great: Portrait ...,58.55,the-barefoot-contessa-cookbook_440/index.html
Better Homes and Gardens ...,39.61,the-barefoot-contessa-cookbook_440/index.html
An Unquiet Mind: A ...,21.3,the-barefoot-contessa-cookbook_440/index.html
A Year in Provence ...,56.88,the-barefoot-contessa-cookbook_440/index.html
World Without End (The ...,32.97,world-without-end-the-pillars-of-the-earth-2_420/index.html
Will Grayson Will Grayson ...,47.31,world-without-end-the-pillars-of-the-earth-2_420/index.html
Why Save the Bankers?: ...,48.67,world-without-end-the-pillars-of-the-earth-2_420/index.html
Where She Went (If ...,41.73,world-without-end-the-pillars-of-the-earth-2_420/index.html
What If?: Serious Scientific ...,53.68,world-without-end-the-pillars-of-the-earth-2_420/index.html
Two Summers,14.64,world-without-end-the-pillars-of-the-earth-2_420/index.html
This Is Your Brain ...,38.4,world-without-end-the-pillars-of-the-earth-2_420/index.html
The Secret Garden,15.08,world-without-end-the-pillars-of-the-earth-2_420/index.html
The Raven King (The ...,30.57,world-without-end-the-pillars-of-the-earth-2_420/index.html
The Raven Boys (The ...,57.74,world-without-end-the-pillars-of-the-earth-2_420/index.html
The Power Greens Cookbook: ...,11.05,world-without-end-the-pillars-of-the-earth-2_420/index.html
The Metamorphosis,28.58,world-without-end-the-pillars-of-the-earth-2_420/index.html
The Mathews Men: Seven ...,42.91,world-without-end-the-pillars-of-the-earth-2_420/index.html
The Little Paris Bookshop,24.73,world-without-end-the-pillars-of-the-earth-2_420/index.html
The Hiding Place,55.91,world-without-end-the-pillars-of-the-earth-2_420/index.html
The Grand Design,13.76,world-without-end-the-pillars-of-the-earth-2_420/index.html
The Firm,45.56,world-without-end-the-pillars-of-the-earth-2_420/index.html
The Fault in Our ...,47.22,world-without-end-the-pillars-of-the-earth-2_420/index.html
The False Prince (The ...,56.0,world-without-end-the-pillars-of-the-earth-2_420/index.html
The Expatriates,44.58,world-without-end-the-pillars-of-the-earth-2_420/index.html
The Dream Thieves (The ...,34.5,the-dream-thieves-the-raven-cycle-2_400/index.html
The Darkest Corners,11.33,the-dream-thieves-the-raven-cycle-2_400/index.html
The Crossover,38.77,the-dream-thieves-the-raven-cycle-2_400/index.html
The 5th Wave (The ...,11.83,the-dream-thieves-the-raven-cycle-2_400/index.html
Tell the Wind and ...,45.51,the-dream-thieves-the-raven-cycle-2_400/index.html
Tell Me Three Things,41.81,the-dream-thieves-the-raven-cycle-2_400/index.html
Talking to Girls About ...,25.15,the-dream-thieves-the-raven-cycle-2_400/index.html
Siddhartha,34.22,the-dream-thieves-the-raven-cycle-2_400/index.html
Shiver (The Wolves of ...,16.23,the-dream-thieves-the-raven-cycle-2_400/index.html
Remember Me?,11.48,the-dream-thieves-the-raven-cycle-2_400/index.html
Red Dragon (Hannibal Lecter ...,23.37,the-dream-thieves-the-raven-cycle-2_400/index.html
Peak: Secrets from the ...,16.28,the-dream-thieves-the-raven-cycle-2_400/index.html
My Mother Was Nuts,31.63,the-dream-thieves-the-raven-cycle-2_400/index.html
Mexican Today: New and ...,24.91,the-dream-thieves-the-raven-cycle-2_400/index.html
Maybe Something Beautiful: How ...,22.54,the-dream-thieves-the-raven-cycle-2_400/index.html
Lola and the Boy ...,23.63,the-dream-thieves-the-raven-cycle-2_400/index.html
Logan Kade (Fallen Crest ...,13.12,the-dream-thieves-the-raven-cycle-2_400/index.html
Last One Home (New ...,59.98,the-dream-thieves-the-raven-cycle-2_400/index.html
Killing Floor (Jack Reacher ...,31.49,the-dream-thieves-the-raven-cycle-2_400/index.html
Kill the Boy Band,15.52,the-dream-thieves-the-raven-cycle-2_400/index.html
Isla and the Happily ...,48.13,isla-and-the-happily-ever-after-anna-and-the-french-kiss-3_380/index.html
If I Stay (If ...,38.13,isla-and-the-happily-ever-after-anna-and-the-french-kiss-3_380/index.html
I Know Why the ...,36.55,isla-and-the-happily-ever-after-anna-and-the-french-kiss-3_380/index.html
Harry Potter and the ...,23.32,isla-and-the-happily-ever-after-anna-and-the-french-kiss-3_380/index.html
Fruits Basket Vol. 5 ...,16.33,isla-and-the-happily-ever-after-anna-and-the-french-kiss-3_380/index.html
Foundation (Foundation (Publication Order) ...,32.42,isla-and-the-happily-ever-after-anna-and-the-french-kiss-3_380/index.html
Fool Me Once,16.96,isla-and-the-happily-ever-after-anna-and-the-french-kiss-3_380/index.html
Find Her (Detective D.D. ...,22.37,isla-and-the-happily-ever-after-anna-and-the-french-kiss-3_380/index.html
Evicted: Poverty and Profit ...,42.27,isla-and-the-happily-ever-after-anna-and-the-french-kiss-3_380/index.html
Drama,38.7,isla-and-the-happily-ever-after-anna-and-the-french-kiss-3_380/index.html
Dracula the Un-Dead,35.63,isla-and-the-happily-ever-after-anna-and-the-french-kiss-3_380/index.html
Digital Fortress,58.0,isla-and-the-happily-ever-after-anna-and-the-french-kiss-3_380/index.html
Death Note Vol. 5: ...,52.41,isla-and-the-happily-ever-after-anna-and-the-french-kiss-3_380/index.html
Data A Love Story: ...,32.35,isla-and-the-happily-ever-after-anna-and-the-french-kiss-3_380/index.html
Critique of Pure Reason,20.75,isla-and-the-happily-ever-after-anna-and-the-french-kiss-3_380/index.html
Booked,17.49,isla-and-the-happily-ever-after-anna-and-the-french-kiss-3_380/index.html
Blue Lily Lily Blue ...,34.13,isla-and-the-happily-ever-after-anna-and-the-french-kiss-3_380/index.html
Approval Junkie: Adventures in ...,58.81,isla-and-the-happily-ever-after-anna-and-the-french-kiss-3_380/index.html
An Abundance of Katherines,10.0,isla-and-the-happily-ever-after-anna-and-the-french-kiss-3_380/index.html
America's War for the ...,51.22,isla-and-the-happily-ever-after-anna-and-the-french-kiss-3_380/index.html
Alight (The Generations Trilogy ...,58.59,alight-the-generations-trilogy-2_360/index.html
A Girl's Guide to ...,31.3,alight-the-generations-trilogy-2_360/index.html
A Game of Thrones ...,46.42,alight-the-generations-trilogy-2_360/index.html
A Feast for Crows ...,17.21,alight-the-generations-trilogy-2_360/index.html
A Clash of Kings ...,10.79,alight-the-generations-trilogy-2_360/index.html
Vogue Colors A to ...,52.35,alight-the-generations-trilogy-2_360/index.html
The Shining (The Shining ...,27.88,alight-the-generations-trilogy-2_360/index.html
The Pilgrim's Progress,50.26,alight-the-generations-trilogy-2_360/index.html
The Perfect Play (Play ...,59.99,alight-the-generations-trilogy-2_360/index.html
The Passion of Dolssa,28.32,alight-the-generations-trilogy-2_360/index.html
The Jazz of Physics: ...,38.71,alight-the-generations-trilogy-2_360/index.html
The Hunger Games (The ...,29.85,alight-the-generations-trilogy-2_360/index.html
The Hound of the ...,14.82,alight-the-generations-trilogy-2_360/index.html
The Gunning of America: ...,16.81,alight-the-generations-trilogy-2_360/index.html
The Geography of Bliss: ...,28.23,alight-the-generations-trilogy-2_360/index.html
The Demonists (Demonist #1),52.11,alight-the-generations-trilogy-2_360/index.html
The Demon Prince of ...,27.88,alight-the-generations-trilogy-2_360/index.html
The Bone Hunters (Lexy ...,59.71,alight-the-generations-trilogy-2_360/index.html
The Beast (Black Dagger ...,46.08,alight-the-generations-trilogy-2_360/index.html
Some Women,13.73,alight-the-generations-trilogy-2_360/index.html
Shopaholic Ties the Knot ...,48.39,shopaholic-ties-the-knot-shopaholic-3_340/index.html
Paper and Fire (The ...,49.45,shopaholic-ties-the-knot-shopaholic-3_340/index.html
Outlander (Outlander #1),19.67,shopaholic-ties-the-knot-shopaholic-3_340/index.html
Orchestra of Exiles: The ...,12.36,shopaholic-ties-the-knot-shopaholic-3_340/index.html
No One Here Gets ...,20.02,shopaholic-ties-the-knot-shopaholic-3_340/index.html
Night Shift (Night Shift ...,12.75,shopaholic-ties-the-knot-shopaholic-3_340/index.html
Needful Things,47.51,shopaholic-ties-the-knot-shopaholic-3_340/index.html
Mockingjay (The Hunger Games ...,20.44,shopaholic-ties-the-knot-shopaholic-3_340/index.html
Misery,34.79,shopaholic-ties-the-knot-shopaholic-3_340/index.html
Little Women (Little Women ...,28.07,shopaholic-ties-the-knot-shopaholic-3_340/index.html
It,25.01,shopaholic-ties-the-knot-shopaholic-3_340/index.html
Harry Potter and the ...,13.9,shopaholic-ties-the-knot-shopaholic-3_340/index.html
Harry Potter and the ...,24.17,shopaholic-ties-the-knot-shopaholic-3_340/index.html
Harry Potter and the ...,31.63,shopaholic-ties-the-knot-shopaholic-3_340/index.html
Harry Potter and the ...,48.75,shopaholic-ties-the-knot-shopaholic-3_340/index.html
Harry Potter and the ...,14.74,shopaholic-ties-the-knot-shopaholic-3_340/index.html
Gone with the Wind,32.49,shopaholic-ties-the-knot-shopaholic-3_340/index.html
God Is Not Great: ...,27.8,shopaholic-ties-the-knot-shopaholic-3_340/index.html
Girl With a Pearl ...,26.77,shopaholic-ties-the-knot-shopaholic-3_340/index.html
Fruits Basket Vol. 4 ...,50.44,shopaholic-ties-the-knot-shopaholic-3_340/index.html
Far From True (Promise ...,34.93,far-from-true-promise-falls-trilogy-2_320/index.html
Dark Lover (Black Dagger ...,12.87,far-from-true-promise-falls-trilogy-2_320/index.html
Confessions of a Shopaholic ...,48.94,far-from-true-promise-falls-trilogy-2_320/index.html
Changing the Game (Play ...,13.38,far-from-true-promise-falls-trilogy-2_320/index.html
Candide,58.63,far-from-true-promise-falls-trilogy-2_320/index.html
Can You Keep a ...,21.94,far-from-true-promise-falls-trilogy-2_320/index.html
Atlas Shrugged,26.58,far-from-true-promise-falls-trilogy-2_320/index.html
Animal Farm,57.22,far-from-true-promise-falls-trilogy-2_320/index.html
A Walk to Remember,56.43,far-from-true-promise-falls-trilogy-2_320/index.html
A New Earth: Awakening ...,55.65,far-from-true-promise-falls-trilogy-2_320/index.html
A History of God: ...,27.62,far-from-true-promise-falls-trilogy-2_320/index.html
'Salem's Lot,49.56,far-from-true-promise-falls-trilogy-2_320/index.html
Zero History (Blue Ant ...,34.77,far-from-true-promise-falls-trilogy-2_320/index.html
Wuthering Heights,17.73,far-from-true-promise-falls-trilogy-2_320/index.html
World War Z: An ...,21.8,far-from-true-promise-falls-trilogy-2_320/index.html
Wild: From Lost to ...,46.02,far-from-true-promise-falls-trilogy-2_320/index.html
Where'd You Go Bernadette,18.13,far-from-true-promise-falls-trilogy-2_320/index.html
When You Are Engulfed ...,30.89,far-from-true-promise-falls-trilogy-2_320/index.html
We the People: The ...,31.95,far-from-true-promise-falls-trilogy-2_320/index.html
We Are All Completely ...,24.04,far-from-true-promise-falls-trilogy-2_320/index.html
Walk the Edge (Thunder ...,32.36,walk-the-edge-thunder-road-2_300/index.html
Voyager (Outlander #3),21.07,walk-the-edge-thunder-road-2_300/index.html
Very Good Lives: The ...,50.66,walk-the-edge-thunder-road-2_300/index.html
Vegan Vegetarian Omnivore: Dinner ...,13.66,walk-the-edge-thunder-road-2_300/index.html
Unstuffed: Decluttering Your Home ...,58.09,walk-the-edge-thunder-road-2_300/index.html
Under the Banner of ...,30.0,walk-the-edge-thunder-road-2_300/index.html
Two Boys Kissing,32.74,walk-the-edge-thunder-road-2_300/index.html
Twilight (Twilight #1),41.93,walk-the-edge-thunder-road-2_300/index.html
Twenties Girl,42.8,walk-the-edge-thunder-road-2_300/index.html
Trespassing Across America: One ...,53.51,walk-the-edge-thunder-road-2_300/index.html
Three-Martini Lunch,23.21,walk-the-edge-thunder-road-2_300/index.html
Thinking Fast and Slow,21.14,walk-the-edge-thunder-road-2_300/index.html
The Wild Robot,56.07,walk-the-edge-thunder-road-2_300/index.html
The Wicked + The ...,14.41,walk-the-edge-thunder-road-2_300/index.html
The Undomestic Goddess,45.75,walk-the-edge-thunder-road-2_300/index.html
The Travelers,15.77,walk-the-edge-thunder-road-2_300/index.html
The Tipping Point: How ...,10.02,walk-the-edge-thunder-road-2_300/index.html
The Thing About Jellyfish,48.77,walk-the-edge-thunder-road-2_300/index.html
The Stand,57.86,walk-the-edge-thunder-road-2_300/index.html
The Smitten Kitchen Cookbook,23.59,walk-the-edge-thunder-road-2_300/index.html
The Silkworm (Cormoran Strike ...,23.05,the-silkworm-cormoran-strike-2_280/index.html
The Sandman Vol. 3: ...,55.55,the-silkworm-cormoran-strike-2_280/index.html
The Rose & the ...,58.64,the-silkworm-cormoran-strike-2_280/index.html
The Road to Little ...,23.21,the-silkworm-cormoran-strike-2_280/index.html
The Rise of Theodore ...,42.57,the-silkworm-cormoran-strike-2_280/index.html
The Restaurant at the ...,10.92,the-silkworm-cormoran-strike-2_280/index.html
The Rest Is Noise: ...,34.77,the-silkworm-cormoran-strike-2_280/index.html
The Red Tent,35.66,the-silkworm-cormoran-strike-2_280/index.html
The Purpose Driven Life: ...,37.19,the-silkworm-cormoran-strike-2_280/index.html
The Purest Hook (Second ...,12.25,the-silkworm-cormoran-strike-2_280/index.html
The Picture of Dorian ...,29.7,the-silkworm-cormoran-strike-2_280/index.html
The Paris Wife,36.8,the-silkworm-cormoran-strike-2_280/index.html
The Obsession,45.43,the-silkworm-cormoran-strike-2_280/index.html
The Nightingale,26.26,the-silkworm-cormoran-strike-2_280/index.html
The New Guy (and ...,44.92,the-silkworm-cormoran-strike-2_280/index.html
The Nanny Diaries (Nanny ...,52.53,the-silkworm-cormoran-strike-2_280/index.html
The Name of God ...,37.25,the-silkworm-cormoran-strike-2_280/index.html
The Maze Runner (The ...,20.93,the-silkworm-cormoran-strike-2_280/index.html
The Lover's Dictionary,58.09,the-silkworm-cormoran-strike-2_280/index.html
The Lonely Ones,43.59,the-silkworm-cormoran-strike-2_280/index.html
The Lean Startup: How ...,33.92,the-lean-startup-how-todays-entrepreneurs-use-continuous-innovation-to-create-radically-successful-businesses_260/index.html
The Last Painting of ...,55.55,the-lean-startup-how-todays-entrepreneurs-use-continuous-innovation-to-create-radically-successful-businesses_260/index.html
The Land of 10000 ...,29.64,the-lean-startup-how-todays-entrepreneurs-use-continuous-innovation-to-create-radically-successful-businesses_260/index.html
The Infinities,27.41,the-lean-startup-how-todays-entrepreneurs-use-continuous-innovation-to-create-radically-successful-businesses_260/index.html
The Husband's Secret,52.51,the-lean-startup-how-todays-entrepreneurs-use-continuous-innovation-to-create-radically-successful-businesses_260/index.html
The Hitchhiker's Guide to ...,47.8,the-lean-startup-how-todays-entrepreneurs-use-continuous-innovation-to-create-radically-successful-businesses_260/index.html
The Guns of August,14.54,the-lean-startup-how-todays-entrepreneurs-use-continuous-innovation-to-create-radically-successful-businesses_260/index.html
The Guernsey Literary and ...,49.53,the-lean-startup-how-todays-entrepreneurs-use-continuous-innovation-to-create-radically-successful-businesses_260/index.html
The Goldfinch,43.58,the-lean-startup-how-todays-entrepreneurs-use-continuous-innovation-to-create-radically-successful-businesses_260/index.html
The Giver (The Giver ...,12.3,the-lean-startup-how-todays-entrepreneurs-use-continuous-innovation-to-create-radically-successful-businesses_260/index.html
The Girl with All ...,49.47,the-lean-startup-how-todays-entrepreneurs-use-continuous-innovation-to-create-radically-successful-businesses_260/index.html
The Girl Who Played ...,22.14,the-lean-startup-how-todays-entrepreneurs-use-continuous-innovation-to-create-radically-successful-businesses_260/index.html
The Girl Who Kicked ...,57.48,the-lean-startup-how-todays-entrepreneurs-use-continuous-innovation-to-create-radically-successful-businesses_260/index.html
The Exiled,43.45,the-lean-startup-how-todays-entrepreneurs-use-continuous-innovation-to-create-radically-successful-businesses_260/index.html
The End of Faith: ...,22.13,the-lean-startup-how-todays-entrepreneurs-use-continuous-innovation-to-create-radically-successful-businesses_260/index.html
The Elegant Universe: Superstrings ...,13.03,the-lean-startup-how-todays-entrepreneurs-use-continuous-innovation-to-create-radically-successful-businesses_260/index.html
The Disappearing Spoon: And ...,57.35,the-lean-startup-how-todays-entrepreneurs-use-continuous-innovation-to-create-radically-successful-businesses_260/index.html
The Devil Wears Prada ...,44.29,the-lean-startup-how-todays-entrepreneurs-use-continuous-innovation-to-create-radically-successful-businesses_260/index.html
The Demon-Haunted World: Science ...,52.25,the-lean-startup-how-todays-entrepreneurs-use-continuous-innovation-to-create-radically-successful-businesses_260/index.html
The Day the Crayons ...,26.33,the-lean-startup-how-todays-entrepreneurs-use-continuous-innovation-to-create-radically-successful-businesses_260/index.html
The Da Vinci Code ...,22.96,the-da-vinci-code-robert-langdon-2_240/index.html
The Cuckoo's Calling (Cormoran ...,19.21,the-da-vinci-code-robert-langdon-2_240/index.html
The Complete Stories and ...,26.78,the-da-vinci-code-robert-langdon-2_240/index.html
The Complete Poems,41.32,the-da-vinci-code-robert-langdon-2_240/index.html
The Catcher in the ...,24.55,the-da-vinci-code-robert-langdon-2_240/index.html
The Cat in the ...,16.26,the-da-vinci-code-robert-langdon-2_240/index.html
The Case for Christ ...,47.84,the-da-vinci-code-robert-langdon-2_240/index.html
The Book Thief,53.49,the-da-vinci-code-robert-langdon-2_240/index.html
The Book of Basketball: ...,44.84,the-da-vinci-code-robert-langdon-2_240/index.html
The Blind Side: Evolution ...,53.71,the-da-vinci-code-robert-langdon-2_240/index.html
The Autobiography of Malcolm ...,23.43,the-da-vinci-code-robert-langdon-2_240/index.html
The Art of Simple ...,34.32,the-da-vinci-code-robert-langdon-2_240/index.html
The Art of Fielding,22.1,the-da-vinci-code-robert-langdon-2_240/index.html
Surely You're Joking Mr. ...,25.83,the-da-vinci-code-robert-langdon-2_240/index.html
Stiff: The Curious Lives ...,36.74,the-da-vinci-code-robert-langdon-2_240/index.html
Spilled Milk: Based on ...,49.51,the-da-vinci-code-robert-langdon-2_240/index.html
Something Borrowed (Darcy & ...,48.96,the-da-vinci-code-robert-langdon-2_240/index.html
Something Blue (Darcy & ...,54.62,the-da-vinci-code-robert-langdon-2_240/index.html
Soldier (Talon #3),24.72,the-da-vinci-code-robert-langdon-2_240/index.html
Shopaholic & Baby (Shopaholic ...,46.45,the-da-vinci-code-robert-langdon-2_240/index.html
Seven Days in the ...,52.33,seven-days-in-the-art-world_220/index.html
Seven Brief Lessons on ...,30.6,seven-days-in-the-art-world_220/index.html
Scarlet (The Lunar Chronicles ...,14.57,seven-days-in-the-art-world_220/index.html
Sarah's Key,46.29,seven-days-in-the-art-world_220/index.html
Saga Volume 3 (Saga ...,21.57,seven-days-in-the-art-world_220/index.html
Running with Scissors,12.91,seven-days-in-the-art-world_220/index.html
Rogue Lawyer (Rogue Lawyer ...,50.11,seven-days-in-the-art-world_220/index.html
Rise of the Rocket ...,41.67,seven-days-in-the-art-world_220/index.html
Rework,44.88,seven-days-in-the-art-world_220/index.html
Reservations for Two,11.1,seven-days-in-the-art-world_220/index.html
Red: The True Story ...,28.54,seven-days-in-the-art-world_220/index.html
Ready Player One,19.07,seven-days-in-the-art-world_220/index.html
Quiet: The Power of ...,43.55,seven-days-in-the-art-world_220/index.html
Prodigy: The Graphic Novel ...,43.63,seven-days-in-the-art-world_220/index.html
Persepolis: The Story of ...,39.13,seven-days-in-the-art-world_220/index.html
Packing for Mars: The ...,56.68,seven-days-in-the-art-world_220/index.html
Outliers: The Story of ...,14.16,seven-days-in-the-art-world_220/index.html
Original Fake,31.45,seven-days-in-the-art-world_220/index.html
Orange Is the New ...,24.61,seven-days-in-the-art-world_220/index.html
One for the Money ...,32.87,seven-days-in-the-art-world_220/index.html
Notes from a Small ...,40.17,notes-from-a-small-island-notes-from-a-small-island-1_200/index.html
Night (The Night Trilogy ...,13.51,notes-from-a-small-island-notes-from-a-small-island-1_200/index.html
Neither Here nor There: ...,38.95,notes-from-a-small-island-notes-from-a-small-island-1_200/index.html
Naked,31.69,notes-from-a-small-island-notes-from-a-small-island-1_200/index.html
Morning Star (Red Rising ...,29.4,notes-from-a-small-island-notes-from-a-small-island-1_200/index.html
Miracles from Heaven: A ...,57.83,notes-from-a-small-island-notes-from-a-small-island-1_200/index.html
Midnight Riot (Peter Grant/ ...,55.46,notes-from-a-small-island-notes-from-a-small-island-1_200/index.html
Me Talk Pretty One ...,57.6,notes-from-a-small-island-notes-from-a-small-island-1_200/index.html
Manuscript Found in Accra,34.98,notes-from-a-small-island-notes-from-a-small-island-1_200/index.html
Lust & Wonder,11.87,notes-from-a-small-island-notes-from-a-small-island-1_200/index.html
Lila (Gilead #3),12.47,notes-from-a-small-island-notes-from-a-small-island-1_200/index.html
Life the Universe and ...,33.26,notes-from-a-small-island-notes-from-a-small-island-1_200/index.html
Life Without a Recipe,59.04,notes-from-a-small-island-notes-from-a-small-island-1_200/index.html
Life After Life,26.13,notes-from-a-small-island-notes-from-a-small-island-1_200/index.html
Letter to a Christian ...,22.2,notes-from-a-small-island-notes-from-a-small-island-1_200/index.html
Let's Pretend This Never ...,45.11,notes-from-a-small-island-notes-from-a-small-island-1_200/index.html
Legend (Legend #1),43.69,notes-from-a-small-island-notes-from-a-small-island-1_200/index.html
Lean In: Women Work ...,25.02,notes-from-a-small-island-notes-from-a-small-island-1_200/index.html
Lamb: The Gospel According ...,55.5,notes-from-a-small-island-notes-from-a-small-island-1_200/index.html
Lady Renegades (Rebel Belle ...,53.04,notes-from-a-small-island-notes-from-a-small-island-1_200/index.html
Jurassic Park (Jurassic Park ...,44.97,jurassic-park-jurassic-park-1_180/index.html
It's Never Too Late ...,42.38,jurassic-park-jurassic-park-1_180/index.html
Is Everyone Hanging Out ...,20.11,jurassic-park-jurassic-park-1_180/index.html
Into the Wild,56.7,jurassic-park-jurassic-park-1_180/index.html
Inferno (Robert Langdon #4),41.0,jurassic-park-jurassic-park-1_180/index.html
In the Garden of ...,28.85,jurassic-park-jurassic-park-1_180/index.html
If I Run (If ...,49.97,jurassic-park-jurassic-park-1_180/index.html
I've Got Your Number,19.69,jurassic-park-jurassic-park-1_180/index.html
I Am Malala: The ...,28.88,jurassic-park-jurassic-park-1_180/index.html
Hungry Girl Clean & ...,33.14,jurassic-park-jurassic-park-1_180/index.html
House of Lost Worlds: ...,43.7,jurassic-park-jurassic-park-1_180/index.html
House of Leaves,54.89,jurassic-park-jurassic-park-1_180/index.html
Horrible Bear!,37.52,jurassic-park-jurassic-park-1_180/index.html
Holidays on Ice,51.07,jurassic-park-jurassic-park-1_180/index.html
Heir to the Sky,44.07,jurassic-park-jurassic-park-1_180/index.html
Green Eggs and Ham ...,10.79,jurassic-park-jurassic-park-1_180/index.html
Grayson Vol 3: Nemesis ...,42.72,jurassic-park-jurassic-park-1_180/index.html
Gratitude,26.66,jurassic-park-jurassic-park-1_180/index.html
Gone Girl,37.6,jurassic-park-jurassic-park-1_180/index.html
Golden (Heart of Dread ...,42.21,jurassic-park-jurassic-park-1_180/index.html
Girl in the Blue ...,46.83,girl-in-the-blue-coat_160/index.html
Fruits Basket Vol. 3 ...,45.17,girl-in-the-blue-coat_160/index.html
Friday Night Lights: A ...,51.22,girl-in-the-blue-coat_160/index.html
Fire Bound (Sea Haven/Sisters ...,21.28,girl-in-the-blue-coat_160/index.html
Fifty Shades Freed (Fifty ...,15.36,girl-in-the-blue-coat_160/index.html
Fellside,38.62,girl-in-the-blue-coat_160/index.html
Extreme Prey (Lucas Davenport ...,25.4,girl-in-the-blue-coat_160/index.html
Eragon (The Inheritance Cycle ...,43.87,girl-in-the-blue-coat_160/index.html
Eclipse (Twilight #3),18.74,girl-in-the-blue-coat_160/index.html
Dune (Dune #1),54.86,girl-in-the-blue-coat_160/index.html
Dracula,52.62,girl-in-the-blue-coat_160/index.html
Do Androids Dream of ...,51.48,girl-in-the-blue-coat_160/index.html
Disrupted: My Misadventure in ...,15.28,girl-in-the-blue-coat_160/index.html
Dead Wake: The Last ...,39.24,girl-in-the-blue-coat_160/index.html
David and Goliath: Underdogs ...,17.81,girl-in-the-blue-coat_160/index.html
Darkfever (Fever #1),56.02,girl-in-the-blue-coat_160/index.html
Dark Places,23.9,girl-in-the-blue-coat_160/index.html
Crazy Rich Asians (Crazy ...,49.13,girl-in-the-blue-coat_160/index.html
Counting Thyme,10.62,girl-in-the-blue-coat_160/index.html
Cosmos,36.17,girl-in-the-blue-coat_160/index.html
Civilization and Its Discontents,59.95,civilization-and-its-discontents_140/index.html
Cinder (The Lunar Chronicles ...,26.09,civilization-and-its-discontents_140/index.html
Catastrophic Happiness: Finding Joy ...,37.35,civilization-and-its-discontents_140/index.html
Career of Evil (Cormoran ...,24.72,civilization-and-its-discontents_140/index.html
Breaking Dawn (Twilight #4),35.28,civilization-and-its-discontents_140/index.html
Brave Enough,51.32,civilization-and-its-discontents_140/index.html
Boy Meets Boy,21.12,civilization-and-its-discontents_140/index.html
Born to Run: A ...,27.35,civilization-and-its-discontents_140/index.html
Blink: The Power of ...,21.74,civilization-and-its-discontents_140/index.html
Black Flags: The Rise ...,40.87,civilization-and-its-discontents_140/index.html
Black Butler Vol. 1 ...,49.31,civilization-and-its-discontents_140/index.html
Big Little Lies,22.11,civilization-and-its-discontents_140/index.html
Between Shades of Gray,20.79,civilization-and-its-discontents_140/index.html
Best of My Love ...,27.41,civilization-and-its-discontents_140/index.html
Beowulf,38.35,civilization-and-its-discontents_140/index.html
Beautiful Creatures (Caster Chronicles ...,21.55,civilization-and-its-discontents_140/index.html
Awkward,38.02,civilization-and-its-discontents_140/index.html
Ash,22.06,civilization-and-its-discontents_140/index.html
Are We There Yet?,10.66,civilization-and-its-discontents_140/index.html
Are We Smart Enough ...,56.58,civilization-and-its-discontents_140/index.html
Annie on My Mind,36.83,annie-on-my-mind_120/index.html
And Then There Were ...,35.01,annie-on-my-mind_120/index.html
A Walk in the ...,30.48,annie-on-my-mind_120/index.html
A Visit from the ...,14.08,annie-on-my-mind_120/index.html
A Storm of Swords ...,31.22,annie-on-my-mind_120/index.html
A Heartbreaking Work of ...,54.29,annie-on-my-mind_120/index.html
8 Keys to Mental ...,31.04,annie-on-my-mind_120/index.html
#GIRLBOSS,50.96,annie-on-my-mind_120/index.html
The Suffragettes (Little Black ...,11.89,annie-on-my-mind_120/index.html
The Sense of an ...,31.38,annie-on-my-mind_120/index.html
The Sandman Vol. 2: ...,54.81,annie-on-my-mind_120/index.html
The Course of Love,16.78,annie-on-my-mind_120/index.html
Sugar Rush (Offensive Line ...,24.42,annie-on-my-mind_120/index.html
Saga Volume 2 (Saga ...,11.75,annie-on-my-mind_120/index.html
Run Spot Run: The ...,20.02,annie-on-my-mind_120/index.html
New Moon (Twilight #2),12.86,annie-on-my-mind_120/index.html
Life,31.58,annie-on-my-mind_120/index.html
Kindle Paperwhite User's Guide,34.0,annie-on-my-mind_120/index.html
H is for Hawk,57.42,annie-on-my-mind_120/index.html
Girl Online On Tour ...,53.47,annie-on-my-mind_120/index.html
Fruits Basket Vol. 2 ...,11.64,fruits-basket-vol-2-fruits-basket-2_100/index.html
Diary of a Minecraft ...,52.88,fruits-basket-vol-2-fruits-basket-2_100/index.html
Y: The Last Man ...,18.51,fruits-basket-vol-2-fruits-basket-2_100/index.html
While You Were Mine,41.32,fruits-basket-vol-2-fruits-basket-2_100/index.html
Where Lightning Strikes (Bleeding ...,39.77,fruits-basket-vol-2-fruits-basket-2_100/index.html
When I'm Gone,51.96,fruits-basket-vol-2-fruits-basket-2_100/index.html
Ways of Seeing,39.51,fruits-basket-vol-2-fruits-basket-2_100/index.html
Vampire Knight Vol. 1 ...,15.4,fruits-basket-vol-2-fruits-basket-2_100/index.html
Vampire Girl (Vampire Girl ...,53.82,fruits-basket-vol-2-fruits-basket-2_100/index.html
Twenty Love Poems and ...,30.95,fruits-basket-vol-2-fruits-basket-2_100/index.html
Travels with Charley: In ...,57.82,fruits-basket-vol-2-fruits-basket-2_100/index.html
Three Wishes (River of ...,44.18,fruits-basket-vol-2-fruits-basket-2_100/index.html
This One Moment (Pushing ...,48.71,fruits-basket-vol-2-fruits-basket-2_100/index.html
The Zombie Room,19.69,fruits-basket-vol-2-fruits-basket-2_100/index.html
The Wicked + The ...,36.52,fruits-basket-vol-2-fruits-basket-2_100/index.html
The Tumor,41.56,fruits-basket-vol-2-fruits-basket-2_100/index.html
The Story of Hong ...,43.19,fruits-basket-vol-2-fruits-basket-2_100/index.html
The Silent Wife,12.34,fruits-basket-vol-2-fruits-basket-2_100/index.html
The Silent Twin (Detective ...,36.25,fruits-basket-vol-2-fruits-basket-2_100/index.html
The Selfish Gene,29.45,fruits-basket-vol-2-fruits-basket-2_100/index.html
The Secret Healer,34.56,the-secret-healer_80/index.html
The Sandman Vol. 1: ...,54.12,the-secret-healer_80/index.html
The Republic,33.78,the-secret-healer_80/index.html
The Odyssey,29.64,the-secret-healer_80/index.html
The No. 1 Ladies' ...,57.7,the-secret-healer_80/index.html
The Nicomachean Ethics,36.34,the-secret-healer_80/index.html
The Name of the ...,50.59,the-secret-healer_80/index.html
The Mirror & the ...,29.38,the-secret-healer_80/index.html
The Little Prince,45.42,the-secret-healer_80/index.html
The Light of the ...,54.43,the-secret-healer_80/index.html
The Last Girl (The ...,36.26,the-secret-healer_80/index.html
The Iliad,16.16,the-secret-healer_80/index.html
The Hook Up (Game ...,36.29,the-secret-healer_80/index.html
The Haters,27.89,the-secret-healer_80/index.html
The Girl You Lost,12.29,the-secret-healer_80/index.html
The Girl In The ...,15.85,the-secret-healer_80/index.html
The End of the ...,14.4,the-secret-healer_80/index.html
The Edge of Reason ...,19.18,the-secret-healer_80/index.html
The Complete Maus (Maus ...,10.64,the-secret-healer_80/index.html
The Communist Manifesto,14.76,the-secret-healer_80/index.html
The Bhagavad Gita,57.49,the-bhagavad-gita_60/index.html
The Bette Davis Club,30.66,the-bhagavad-gita_60/index.html
The Art of Not ...,40.83,the-bhagavad-gita_60/index.html
Taking Shots (Assassins #1),18.88,the-bhagavad-gita_60/index.html
Starlark,25.83,the-bhagavad-gita_60/index.html
Skip Beat! Vol. 01 ...,42.12,the-bhagavad-gita_60/index.html
Sister Sable (The Mad ...,13.33,the-bhagavad-gita_60/index.html
Shatter Me (Shatter Me ...,42.4,the-bhagavad-gita_60/index.html
Shameless,58.35,the-bhagavad-gita_60/index.html
Shadow Rites (Jane Yellowrock ...,21.72,the-bhagavad-gita_60/index.html
Settling the Score (The ...,44.91,the-bhagavad-gita_60/index.html
Sense and Sensibility,37.46,the-bhagavad-gita_60/index.html
Saga Volume 1 (Saga ...,28.48,the-bhagavad-gita_60/index.html
Rhythm Chord & Malykhin,28.34,the-bhagavad-gita_60/index.html
Rat Queens Vol. 1: ...,46.96,the-bhagavad-gita_60/index.html
Paradise Lost (Paradise #1),24.96,the-bhagavad-gita_60/index.html
Paper Girls Vol. 1 ...,21.71,the-bhagavad-gita_60/index.html
Ouran High School Host ...,29.87,the-bhagavad-gita_60/index.html
Origins (Alphas 0.5),28.99,the-bhagavad-gita_60/index.html
One Second (Seven #7),52.94,the-bhagavad-gita_60/index.html
On the Road (Duluoz ...,32.36,on-the-road-duluoz-legend_40/index.html
Old Records Never Die: ...,55.66,on-the-road-duluoz-legend_40/index.html
Off Sides (Off #1),39.45,on-the-road-duluoz-legend_40/index.html
Of Mice and Men,47.11,on-the-road-duluoz-legend_40/index.html
Myriad (Prentor #1),58.75,on-the-road-duluoz-legend_40/index.html
My Perfect Mistake (Over ...,38.92,on-the-road-duluoz-legend_40/index.html
Ms. Marvel Vol. 1: ...,39.39,on-the-road-duluoz-legend_40/index.html
Meditations,25.89,on-the-road-duluoz-legend_40/index.html
Matilda,28.34,on-the-road-duluoz-legend_40/index.html
Lost Among the Living,27.7,on-the-road-duluoz-legend_40/index.html
Lord of the Flies,24.89,on-the-road-duluoz-legend_40/index.html
Listen to Me (Fusion ...,58.99,on-the-road-duluoz-legend_40/index.html
Kitchens of the Great ...,57.2,on-the-road-duluoz-legend_40/index.html
Jane Eyre,38.43,on-the-road-duluoz-legend_40/index.html
Imperfect Harmony,34.74,on-the-road-duluoz-legend_40/index.html
Icing (Aces Hockey #2),40.44,on-the-road-duluoz-legend_40/index.html
Hawkeye Vol. 1: My ...,45.24,on-the-road-duluoz-legend_40/index.html
Having the Barbarian's Baby ...,34.96,on-the-road-duluoz-legend_40/index.html
Giant Days Vol. 1 ...,56.76,on-the-road-duluoz-legend_40/index.html
Fruits Basket Vol. 1 ...,40.28,on-the-road-duluoz-legend_40/index.html
Frankenstein,38.0,frankenstein_20/index.html
Forever Rockers (The Rocker ...,28.8,frankenstein_20/index.html
Fighting Fate (Fighting #6),39.24,frankenstein_20/index.html
Emma,32.93,frankenstein_20/index.html
Eat Pray Love,51.32,frankenstein_20/index.html
Deep Under (Walker Security ...,47.09,frankenstein_20/index.html
Choosing Our Religion: The ...,28.42,frankenstein_20/index.html
Charlie and the Chocolate ...,22.85,frankenstein_20/index.html
Charity's Cross (Charles Towne ...,41.24,frankenstein_20/index.html
Bright Lines,39.07,frankenstein_20/index.html
Bridget Jones's Diary (Bridget ...,29.82,frankenstein_20/index.html
Bounty (Colorado Mountain #7),37.26,frankenstein_20/index.html
Blood Defense (Samantha Brinkman ...,20.3,frankenstein_20/index.html
Bleach Vol. 1: Strawberry ...,34.65,frankenstein_20/index.html
Beyond Good and Evil,43.38,frankenstein_20/index.html
Alice in Wonderland (Alice's ...,55.53,frankenstein_20/index.html
Ajin: Demi-Human Volume 1 ...,57.06,frankenstein_20/index.html
A Spy's Devotion (The ...,16.97,frankenstein_20/index.html
1st to Die (Women's ...,53.98,frankenstein_20/index.html
1000 Places to See ...,26.08,frankenstein_20/index.html
